client_id,client_name
3mekgyt,a-view.dk
4cm4n1t,actec.dk
86948wpve,agromek.dk
4cm4p8n,ajengros.dk
869az05n3,alis.dk
869b4m9bd,all-clear.dk
4cm4nrx,Angulus.dk
4cm4p0x,apair.dk
869ax39kq,apexhealth.dk
8694dpu21,aura.dk
8694taf6d,awilco.dk
4cm4m7j,Bachgruppen.dk
869d0phty,baden-jensen.dk
4cm4mex,Bareen.dk
8692vcw5q,Basicandmore.dk
4cm4mgx,Batterystore.dk
869a64uhp,baychristensen.dk
860q8bmeb,bentax.dk
4cm4pb4,Bge.dk
8694cd18t,bicasolutions.dk
4cm4mvc,bilka.dk
8699m85n7,Bilkatogo.dk
8693ue6d7,billibi.com
85ztdcx9d,billigventilation.dk
4cm4p5r,birgittedamjensen.dk
4cm4ncx,bjergkaeden.dk
85zteeeya,bmw-service-koed.dk
4cm4nzq,boatlab.dk
8694umd6j,bolig-art.dk
860qh0fk1,boxnord.dk
4cm4nqv,br.dk
8694djarz,brdr-simonsen.dk
8692mnf2z,bysofiesoenderby.dk
8696jj4ub,capellalounge.dk
85ztbfgte,carcarefreaks.eu
4cm4paw,carlab.dk
8693p6461,carlhansen.com
8693tzx67,carterstore.dk
8693wehkw,chemometec.com
8693947d4,cilo.dk
869cbtmx9,classiccarhouse.dk
2y318yw,clubcollection.com
4cm4kv5,costercopenhagen.dk
8693812kw,denperfektefest.dk
860qa49n1,designa.dk / designa.no
86996b5pc,din-laasesmed.dk
8697j4acg,dk.dilling.com
869cn3hxw,dkfliser.dk
4cm4na7,Dyberglarsen.dk
4cm4p86,dyrecenter.dk
8692n0cr9,efterskolerne.dk
4cm4p3m,elsalg.dk
85zt9fwuk,energinet.dk
4cm4pbb,Ergopartner.dk
8696z4ydn,escaperoom-riddlehouse.dk
8695e0hev,europeanaircraftsales.com
869dfp1k5,expromo.com
4cm4n57,filibabba.com
4cm4nwa,Flowr.dk
8696ewfvg,fremco.dk
869cuwjyj,fritzhansen.com
86933bg9k,frk-himmelblaa.dk
869ah4b51,gabba.com
869d0kn62,gardinlis.dk
85ztgf86m,gelblast.dk
4cm4my5,genbrug-bmw.dk
4cm4kve,green-comfort.com
4cm4mfb,grundled.dk
86937qjub,heaven4kids.dk
8696aq192,heinstudio.com
4cm4m3v,home.dk (Galten/Skovby)
4cm4nqd,"home.dk (Aarhus V, Åbyhøj, Brabrand, Tilst, Sabro)"
869302j52,hugo-p.dk
8699g07ub,hwl.dk
860qghgfm,Idealkaffe.dk
4cm4p4m,Immodenmark.dk
4cm4m4c,Interglas.dk
4cm4mug,islandsrejser.dk
8694jer0x,isokvik.dk
4cm4pd1,Jt-sport.dk
4cm4mdt,junget.com
4cm4p1d,jyskegolfbolde.dk
8694pyq7k,jyskmobelfabrik.dk
869b927hv,kaereboern.dk
2ym45dg,kalundborg-skov-park-have.dk
4cm4mda,kbhmaterieludlejning.dk
4cm4p8e,Kgh.dk
860qdc7wb,kikkertland.dk
4cm4ng5,koedbmw.com
8692x4cgu,krenkerupbryggeri.dk
4cm4nbv,kukuk.dk
8693z0geq,kvali.dk
4cm4p6j,ladelundefterskole.dk
4cm4mqr,lasselarsenhuse.dk
85zt2mdw9,LRP.dk
8695ncd74,lykkebo.dk
4cm4mrr,lysmesteren.dk
4cm4pan,magicalweddings.eu
869abar0g,maileg.com
869agquta,matterscph.com
8696g7u2e,miltonhuse.dk
4cm4nd4,multitek.dk
869ab5pcb,musclehouse.dk
4cm4nu8,mygarage.dk
869d3yr0m,nordichifi.com
4cm4nay,nordiskperlite.dk
4cm4p9x,Oese.dk
869dgw0pf,olafi.dk
8694mqfbn,olavdelinde.dk
8694ctu5k,onjtractors.com
4cm4nph,organicbasics.com
86989wm0k,oversizedliftingclub.com
4cm4p06,petrowsky.dk
869a84xwn,philipsonwine.com
4cm4n7a,pilebyg.dk
8693fzpnh,Playstation og Elgiganten Gaming
4cm4p4b,pompdelux.dk
4cm4nwt,pooloasen.dk
860qcj6k6,poulstigbriller.dk
869ahnxg5,profilsport.dk
8697qaymu,pwt-group.com
4cm4n4q,rains.com
860qk4gcp,ruebirch.dk
8692pm7d6,Safeshoppen.dk
8694y8bku,sandbysmeden.dk
4cm4nk5,Sandjensen.dk
4cm4nda,Scandidact.dk
8693e1awu,Scocykler.dk
8694w30jj,searchmind.dk
3212xv6,selandia-trailers.dk
8693bakrr,severinkursuscenter.dk
85ztg17gu,Sisicph.dk
8696ju36x,slagterlampe.dk
869340k8v,slikposen.dk
4cm4p4w,stifinder.com
8697grqd8,Synvital.dk
860pkhbnr,tattoo96.dk
8698dc0de,terrassevarmer.dk
30ykurr,totallaase.dk
869d5p28b,trainsimple.dk
32qv1wn,tufra.dk
869buge7m,tuttelu.dk
8692kf26x,vesterhavsmost.dk
86948m2fh,VIES.dk
8693jqf3j,vih.dk
869apru6w,woodbird.dk
3fddhjq,aarhusbadogfliser.dk